{
    "tnals": 9.491182565689087,
    "faddsbdsvbvdsj": 9.827678442001343
}