{
    "tnals": 9.491182565689087,
    "dfnfnf": 8.715734958648682
}